method,Recall@10,Recall@50,Recall@100,NDCG@10,NDCG@50,NDCG@100,evaluated,cold_start_skipped,avg_cand_size
rqkmeans_4x256,0.006382978723404255,0.00851063829787234,0.010638297872340425,0.0037486372492402447,0.004131682625105548,0.004478812879751316,470,4530,1.5384615384615385
rqvae_4x256,0.002127659574468085,0.002127659574468085,0.002127659574468085,0.0013424037310031012,0.0013424037310031012,0.0013424037310031012,470,4530,18.463917525773194
vqvae_4096,0.006382978723404255,0.010638297872340425,0.01276595744680851,0.0037486372492402447,0.004514728000970852,0.004861858255616619,470,4530,112565.0