method,Recall@10,Recall@50,Recall@100,NDCG@10,NDCG@50,NDCG@100,evaluated,cold_start_skipped,avg_cand_size,expand_rq_M,expand_vq_T
rqkmeans_4x256,0.012073027090694936,0.01884570082449941,0.024146054181389872,0.00623241766958614,0.007639522116659289,0.008512065100243538,3396,35559,1.456032719836401,2,3
rqvae_4x256,0.00265017667844523,0.0035335689045936395,0.00441696113074205,0.0017999206846600864,0.001990927982556813,0.0021373631369730516,3396,35559,32.76836158192091,2,3
vqvae_4096,0.014134275618374558,0.02237926972909305,0.027974087161366314,0.007173112767860143,0.008905406457410914,0.009824139598492052,3396,35559,112565.0,2,3
